Nomor,Lambda,Abs 1,Trans 1,Abs 2,Trans 2,Abs 3,Trans 3
1,,,,,,,
2,700.0,0.0674,0.8562488476063552,0.0746,0.8421704521982792,0.062,0.8669618757582166
3,699.0,0.0727,0.8458629448184253,0.079,0.8336811846196344,0.0678,0.8554605763414558
4,698.0,0.0815,0.8288959162731061,0.0874,0.8177113012534676,0.0744,0.8425583753398261
5,697.0,0.0911,0.810774348666074,0.0965,0.8007556285067009,0.0816,0.8287050779069827
6,696.0,0.102,0.7906786279998251,0.1069,0.7818078017635864,0.0897,0.8133921935671619
7,695.0,0.1143,0.7685993272617574,0.1185,0.7612021390057184,0.0988,0.7965260797837785
8,694.0,0.1281,0.7445605127727999,0.1316,0.738584178120797,0.1091,0.7778574221271508
9,693.0,0.1435,0.7186211583804578,0.1462,0.7141673641097348,0.1206,0.7575302849884082
10,692.0,0.1601,0.6916716892895646,0.162,0.688652296344276,0.133,0.7362070974947361
11,691.0,0.1784,0.6631320218835527,0.1793,0.6617592187056603,0.1467,0.7133456216702233
12,690.0,0.1983,0.6334320007697664,0.1981,0.6337237741643964,0.1615,0.6894455931709226
13,689.0,0.2205,0.6018662628995736,0.2191,0.603809581074428,0.178,0.6637430704019088
14,688.0,0.245,0.5688529308438415,0.2423,0.5724004941344639,0.1962,0.6365023332473053
15,687.0,0.2717,0.5349337509431613,0.2674,0.5402564990999316,0.2161,0.6079949891399825
16,686.0,0.3004,0.5007258356403351,0.2945,0.5075747390289016,0.2374,0.5788952685656602
17,685.0,0.3312,0.4664445252037797,0.3235,0.47478829094159736,0.2605,0.5489085556070448
18,684.0,0.3641,0.4324142525098646,0.3544,0.44218092107426876,0.2849,0.5189195108067298
19,683.0,0.3981,0.3998526696807332,0.3864,0.41077121255338767,0.3104,0.4893279240819371
20,682.0,0.4336,0.3684681891478682,0.4197,0.3804521125800405,0.3367,0.4605746173947351
21,681.0,0.4711,0.337987002861989,0.4548,0.35091343835855254,0.3645,0.4320161676181425
22,680.0,0.5101,0.3089583947609875,0.4914,0.32255219376890804,0.3936,0.40401733537300044
23,679.0,0.5498,0.28196811434706937,0.5287,0.296005649507582,0.4232,0.3773983525365857
24,678.0,0.5898,0.25715797663727386,0.5662,0.2715188590327265,0.4531,0.35228974399145574
25,677.0,0.6294,0.2347469725340597,0.6034,0.24922981780526218,0.4827,0.3290788720121734
26,676.0,0.6678,0.21488198144034681,0.6394,0.22940347906697453,0.5115,0.30796403415023926
27,675.0,0.7048,0.19733312795365032,0.674,0.21183611352485016,0.5391,0.289001435534947
28,674.0,0.7392,0.18230559606810692,0.7063,0.1966527391417106,0.5648,0.2723955447120866
29,673.0,0.7718,0.16912195877396527,0.7367,0.18335805775977754,0.5891,0.25757280054252074
30,672.0,0.8013,0.1580156128997185,0.7643,0.17206795610303016,0.6111,0.24484993891119344
31,671.0,0.8277,0.14869624448689484,0.789,0.16255487557504839,0.6308,0.23399145610550995
32,670.0,0.8503,0.14115621351879618,0.8101,0.15484600317618205,0.6477,0.22506087344336015
33,669.0,0.8689,0.1352383925252649,0.8275,0.14876473740795018,0.6616,0.21797164411399056
34,668.0,0.8835,0.130767553892022,0.8411,0.14417833304205982,0.6725,0.21256903452171072
35,667.0,0.8945,0.1274970099943714,0.8512,0.14086399463612564,0.6807,0.2085931295831116
36,666.0,0.9023,0.1252275834597141,0.8583,0.13857982226656784,0.6864,0.2058732876733526
37,665.0,0.9068,0.12393672048206807,0.8623,0.13730931481927747,0.6897,0.2043148814517168
38,664.0,0.9084,0.12348096078586027,0.8637,0.1368673945592672,0.6908,0.20379803862870563
39,663.0,0.9074,0.12376561379855948,0.8626,0.13721449765730573,0.69,0.20417379446695297
40,662.0,0.9042,0.12468092051556186,0.8593,0.13826109751987284,0.6876,0.20530522392794692
41,661.0,0.899,0.12618275345906707,0.8543,0.1398620855745276,0.6838,0.20710949036603363
42,660.0,0.8924,0.12811500562783976,0.8481,0.14187308092351428,0.679,0.20941124558508925
43,659.0,0.8845,0.13046679686398954,0.8406,0.14434442007129156,0.6734,0.2121289781883066
44,658.0,0.8754,0.13322937789769398,0.8321,0.14719735289779448,0.667,0.21527817347243727
45,657.0,0.865,0.13645831365889247,0.8225,0.15048735188025136,0.6597,0.2189273398228475
46,656.0,0.8538,0.140023200478585,0.8123,0.15406358517478738,0.6522,0.22274091532216742
47,655.0,0.8419,0.14391299120164017,0.8015,0.15794286077385564,0.6441,0.22693422563550586
48,654.0,0.8294,0.14811532641485517,0.7903,0.16206901774839305,0.6358,0.23131297805638512
49,653.0,0.8162,0.15268627500263499,0.7788,0.16641788566165844,0.6272,0.2359391443044049
50,652.0,0.8026,0.1575433224071111,0.7669,0.17104091060027338,0.6186,0.2406578320111605
51,651.0,0.7886,0.16270466311748913,0.755,0.17579236139586926,0.6099,0.24552741983787976
52,650.0,0.7741,0.1682286655652937,0.7427,0.18084229089365117,0.601,0.2506109253032114
53,649.0,0.759,0.17418068733916142,0.73,0.18620871366628675,0.5919,0.25591750909098937
54,648.0,0.7434,0.18055104234107,0.717,0.19186687406702896,0.5826,0.26145683522105606
55,647.0,0.7276,0.18724058959867987,0.704,0.19769696401118608,0.5735,0.2669930767129589
56,646.0,0.7119,0.1941332834537518,0.6913,0.20356354247857814,0.5645,0.2725837738928532
57,645.0,0.6964,0.20118703951494327,0.6787,0.20955595172278135,0.5556,0.2782274657675123
58,644.0,0.681,0.20844908830972886,0.6663,0.21562544068071918,0.5471,0.28372656486625686
59,643.0,0.6661,0.21572476273378807,0.6543,0.22166646731048242,0.539,0.28906798823654756
60,642.0,0.6514,0.2231515973871766,0.6428,0.22761453931416437,0.5311,0.29437437337117406
61,641.0,0.6371,0.23062161016970634,0.6316,0.23356082466252193,0.5237,0.29943323338672656
62,640.0,0.6232,0.23812226232768396,0.6207,0.2394969571502181,0.5165,0.30443879900225423
63,639.0,0.6096,0.2456970827636838,0.6101,0.24541437631374294,0.5097,0.3092430870441563
64,638.0,0.597,0.2529297996446145,0.6003,0.25101518809953305,0.5034,0.31376175101187503
65,637.0,0.5852,0.2598962421108664,0.5912,0.25633033198658994,0.4978,0.317833741214622
66,636.0,0.5741,0.2666244668312513,0.5827,0.26139663949048747,0.4926,0.321662179287904
67,635.0,0.5639,0.27296062255135856,0.5749,0.26613377849246145,0.4879,0.32516216012048266
68,634.0,0.5541,0.2791900908278534,0.5674,0.2707696602330496,0.4836,0.32839761925047994
69,633.0,0.5452,0.2849705627341153,0.5606,0.2750426223030318,0.4798,0.33128364811728145
70,632.0,0.5371,0.2903354055515314,0.5544,0.27899729974082654,0.4766,0.3337336513051486
71,631.0,0.5297,0.2953248554055509,0.5488,0.2826181179810158,0.4737,0.33596961369121403
72,630.0,0.5232,0.29977816715823824,0.5438,0.2858906815511956,0.4714,0.33775361033186907
73,629.0,0.5175,0.3037386091946105,0.5394,0.2888018693514055,0.4695,0.3392344895414433
74,628.0,0.5127,0.30711427260678337,0.5359,0.2911387412618754,0.4682,0.34025146202702355
75,627.0,0.5086,0.3100273441998191,0.5327,0.29329185340084435,0.4671,0.341114358094871
76,626.0,0.5051,0.3125359643613341,0.5301,0.29505297638582717,0.4665,0.34158595068605535
77,625.0,0.5021,0.31470236017056613,0.5279,0.29655141457826206,0.4661,0.3419007079020696
78,624.0,0.4997,0.31644628388355245,0.5262,0.2977145087710597,0.466,0.3419794425137088
79,623.0,0.4978,0.317833741214622,0.5248,0.29867577550334895,0.466,0.3419794425137088
80,622.0,0.4964,0.31885996933863864,0.5237,0.29943323338672656,0.4662,0.3418219914176577
81,621.0,0.4952,0.31974223032049276,0.5228,0.3000544002443094,0.4665,0.34158595068605535
82,620.0,0.4942,0.32047931228494014,0.5219,0.3006768556972182,0.4666,0.34150730666882734
83,619.0,0.4934,0.3210702010561905,0.5211,0.30123123337776064,0.4666,0.34150730666882734
84,618.0,0.4925,0.3217362532695599,0.5202,0.30185613014197993,0.4665,0.34158595068605535
85,617.0,0.4915,0.32247793193163765,0.519,0.30269134281013055,0.466,0.3419794425137088
86,616.0,0.4902,0.32344467085144685,0.5175,0.3037386091946105,0.4653,0.34253109270831966
87,615.0,0.4885,0.3247132421678024,0.5156,0.30507034978225167,0.464,0.3435579478998746
88,614.0,0.4865,0.3262120503942667,0.5134,0.3066196616010738,0.4625,0.3447466065731494
89,613.0,0.4839,0.3281708485445261,0.5105,0.308673964568386,0.4603,0.34649741582892873
90,612.0,0.4807,0.33059783107043245,0.507,0.31117163371060175,0.4576,0.3486582933528729
91,611.0,0.4769,0.3335031958716417,0.5028,0.3141955284641072,0.4543,0.35131767503728756
92,610.0,0.4722,0.3371320178728434,0.498,0.31768740706497706,0.4504,0.35448674447379996
93,609.0,0.4669,0.34127148323868667,0.4923,0.321884452411185,0.4459,0.3581789013481115
94,608.0,0.4608,0.3460987254853527,0.4861,0.3265126412019571,0.4408,0.36240985589974417
95,607.0,0.4539,0.35164139963166635,0.4791,0.3318180448272473,0.4351,0.3671977403587993
96,606.0,0.4464,0.3577667699361108,0.4715,0.33767584864203254,0.4288,0.3725632384666037
97,605.0,0.4383,0.3645020708303043,0.4634,0.3440329187682279,0.4222,0.37826834558938965
98,604.0,0.4296,0.37187758332493565,0.4548,0.35091343835855254,0.415,0.3845917820453536
99,603.0,0.4202,0.3800143529415858,0.4456,0.35842640804371445,0.4074,0.39138123561221194
100,602.0,0.4103,0.38877649492799926,0.4359,0.36652195973234203,0.3994,0.39865755604057834
101,601.0,0.4001,0.3980155135426725,0.4259,0.37505935291111436,0.3912,0.40625619818684355
102,600.0,0.3896,0.4077556617502124,0.4157,0.3839723926353776,0.3827,0.4142857544606855
103,599.0,0.379,0.41783036664662176,0.4054,0.39318776931469707,0.3742,0.4224740129875455
104,598.0,0.3683,0.4282525917889197,0.395,0.4027170343254591,0.3656,0.4309233228186265
105,597.0,0.3577,0.4388337287003647,0.3848,0.4122873407228867,0.3571,0.4394404188918088
106,596.0,0.3473,0.4494692652627944,0.3747,0.4219879016871567,0.3488,0.44791953125428374
107,595.0,0.3366,0.46068068083009317,0.3645,0.4320161676181425,0.3403,0.4567725533088668
108,594.0,0.3259,0.4721717503108785,0.3542,0.44238459980888534,0.3318,0.4658005532200292
109,593.0,0.3153,0.4838380286511589,0.3441,0.45279330838716947,0.3234,0.4748976275730642
110,592.0,0.3049,0.4955642855622973,0.3341,0.46334021942420894,0.3151,0.4840608956106732
111,591.0,0.2948,0.5072242398926513,0.3244,0.4738053933388253,0.3071,0.4930602595627946
112,590.0,0.2851,0.5186805945574421,0.315,0.4841723675840993,0.2992,0.5021113054699536
113,589.0,0.2756,0.5301515066784587,0.3058,0.4945383778944131,0.2916,0.5109754090546758
114,588.0,0.2665,0.5413772478826867,0.297,0.5046612975635284,0.2842,0.5197565846583616
115,587.0,0.2575,0.5527134079444349,0.2883,0.5148728601405473,0.2768,0.5286886658508809
116,586.0,0.2487,0.5640271374318945,0.2797,0.5251701096404132,0.2697,0.5374028929503502
117,585.0,0.2401,0.5753074526484432,0.2713,0.53542667009824,0.2626,0.5462607542126946
118,584.0,0.2319,0.58627314335345,0.2632,0.5455065881703732,0.2557,0.5550089671836455
119,583.0,0.224,0.5970352865838369,0.2554,0.55539248624348,0.2491,0.5635078884001393
120,582.0,0.2166,0.6072954118270237,0.248,0.5649369748123025,0.2428,0.5717418729175534
121,581.0,0.2095,0.6173052918886838,0.2409,0.5742486726287828,0.2367,0.5798290898656079
122,580.0,0.2027,0.6270468637308515,0.234,0.5834451042737447,0.2308,0.5877599636805999
123,579.0,0.196,0.6367955209079158,0.2273,0.592515887706676,0.225,0.5956621435290105
124,578.0,0.1897,0.6461003852547148,0.2208,0.6014506519775484,0.2194,0.6033926282193053
125,577.0,0.1837,0.6550885369386104,0.2145,0.6102390566446633,0.2139,0.6110827157025001
126,576.0,0.1778,0.6640488057745738,0.2084,0.61887081141903,0.2085,0.6187283275532345
127,575.0,0.1722,0.6726668104310993,0.2026,0.6271912632309239,0.2034,0.6260369976726429
128,574.0,0.167,0.6807693586937414,0.1971,0.6351846583394705,0.1984,0.6332861644521975
129,573.0,0.162,0.688652296344276,0.1917,0.6431318236354517,0.1936,0.640324324468947
130,572.0,0.1571,0.6964661283938878,0.1865,0.6508786108404094,0.1889,0.6472916429993274
131,571.0,0.1523,0.7042064523312067,0.1814,0.658567053154378,0.1842,0.6543347723737579
132,570.0,0.1478,0.7115411150074337,0.1765,0.666039521298423,0.1797,0.6611499965410451
133,569.0,0.1433,0.7189521718666391,0.1717,0.6734416926887178,0.1753,0.6678824013665394
134,568.0,0.1391,0.725938784607024,0.1671,0.6806126238014958,0.1709,0.6746833613988272
135,567.0,0.135,0.732824533138904,0.1626,0.6877015449442089,0.1667,0.6812397799659154
136,566.0,0.1312,0.7392647526562267,0.1583,0.694544377583402,0.1627,0.6875432140408456
137,565.0,0.1273,0.7459333079257136,0.1541,0.7012938009624123,0.1587,0.693904973073163
138,564.0,0.1235,0.7524887301735843,0.1499,0.7081088136938376,0.1547,0.7003255967370537
139,563.0,0.1198,0.7589269933627815,0.1458,0.7148254395687633,0.1507,0.7068056297002477
140,562.0,0.1161,0.7654203420718426,0.1416,0.7217719496686992,0.1467,0.7133456216702233
141,561.0,0.1124,0.7719692476102513,0.1376,0.72845042329233,0.1429,0.7196146563265814
142,560.0,0.1089,0.7782157212031626,0.1337,0.7350214276467942,0.139,0.7261059574351547
143,559.0,0.1055,0.784332118881962,0.1299,0.7414809539452731,0.1354,0.7321498875340643
144,558.0,0.1021,0.7904965884764859,0.1262,0.7478250350455647,0.1317,0.7384141324069384
145,557.0,0.0988,0.7965260797837785,0.1224,0.7543970821979901,0.1281,0.7445605127727999
146,556.0,0.0955,0.802601560872627,0.1188,0.7606765007662273,0.1245,0.7507580541199371
147,555.0,0.0921,0.8089096194098312,0.1151,0.7671848181899856,0.1209,0.7570071822999651
148,554.0,0.0889,0.8148918982138513,0.1115,0.7735706787749389,0.1174,0.7631325887051026
149,553.0,0.0857,0.8209184188699032,0.108,0.7798301105232587,0.114,0.7691304402866096
150,552.0,0.0826,0.8267991091178707,0.1046,0.7859591965181908,0.1106,0.7751754320690807
151,551.0,0.0796,0.8325302067492425,0.1014,0.791771745818304,0.1074,0.7809082302030025
152,550.0,0.0767,0.838108026727164,0.0982,0.797627281738481,0.1043,0.7865023054586583
153,549.0,0.0739,0.8435289651265294,0.0951,0.803341124757973,0.1013,0.7919540789912782
154,548.0,0.0711,0.8489849665156198,0.0921,0.8089096194098312,0.0984,0.7972600453665314
155,547.0,0.0685,0.8540828474185445,0.0892,0.8143291852092449,0.0955,0.802601560872627
156,546.0,0.066,0.8590135215053957,0.0864,0.8195963204818459,0.0927,0.8077928410918551
157,545.0,0.0634,0.8641716206465492,0.0837,0.8247076061270785,0.09,0.8128305161640993
158,544.0,0.0611,0.8687603667871445,0.0811,0.8296597093109863,0.0874,0.8177113012534676
159,543.0,0.0588,0.8733734791423201,0.0786,0.8344493870828426,0.0849,0.8224320001128372
160,542.0,0.0568,0.8774047879567534,0.0763,0.8388803083408604,0.0826,0.8267991091178707
161,541.0,0.0547,0.8816576902621912,0.074,0.8433347577642754,0.0804,0.8309980410444321
162,540.0,0.0528,0.8855233145028547,0.0718,0.8476176666354924,0.0782,0.8352182974126013
163,539.0,0.0508,0.8896107044092292,0.0697,0.8517261866459185,0.0761,0.8392667159662336
164,538.0,0.0491,0.8930998162235176,0.0677,0.8556575760980932,0.0741,0.8431405951147711
165,537.0,0.0473,0.8968090867156046,0.0658,0.8594092029532829,0.0722,0.8468373413222406
166,536.0,0.0458,0.899911910870052,0.064,0.8629785477669702,0.0703,0.8505502958970947
167,535.0,0.0442,0.9032334235672458,0.0623,0.8663632065076615,0.0685,0.8540828474185445
168,534.0,0.0428,0.9061498022319975,0.0607,0.8695608932545951,0.0669,0.857235208208406
169,533.0,0.0415,0.9088662990655879,0.0592,0.8725694427701163,0.0653,0.8603992041441783
170,532.0,0.0403,0.9113810621292955,0.0578,0.8753868129426667,0.0639,0.8631772787998141
171,531.0,0.039,0.9141132414702502,0.0564,0.8782132798980062,0.0624,0.8661637419723038
172,530.0,0.038,0.9162204901219998,0.0551,0.8808460273622596,0.061,0.8689604292863018
173,529.0,0.0369,0.9185440747246861,0.0538,0.8834866673958571,0.0597,0.871565438136778
174,528.0,0.0359,0.9206615375019707,0.0527,0.8857272372577758,0.0584,0.8741782564005283
175,527.0,0.035,0.9225714271547631,0.0516,0.8879734893257666,0.0573,0.8763952196298761
176,526.0,0.0342,0.9242724327301168,0.0507,0.88981556842882,0.0562,0.878617805197602
177,525.0,0.0335,0.9257633851208253,0.0497,0.89186680515947,0.0552,0.8806432284180641
178,524.0,0.0328,0.9272567425805943,0.0489,0.8935111986052197,0.0542,0.8826733207212579
179,523.0,0.0321,0.9287525089890628,0.0481,0.8951586239272413,0.0533,0.8845044047552622
180,522.0,0.0315,0.9300365147539602,0.0473,0.8968090867156046,0.0525,0.8861352236594998
181,521.0,0.031,0.9311078754678304,0.0466,0.8982557377294168,0.0516,0.8879734893257666
182,520.0,0.0305,0.9321804703416081,0.046,0.8994975815300352,0.0509,0.8894058875558918
183,519.0,0.0301,0.9330394357910896,0.0455,0.9005337627506482,0.0502,0.8908405964008205
184,518.0,0.0297,0.9338991927414304,0.0449,0.9017787559341555,0.0496,0.8920721887252692
185,517.0,0.0294,0.9345445303153403,0.0446,0.9024018978311409,0.049,0.8933054837332952
186,516.0,0.0292,0.9349750030886004,0.0441,0.9034414246950017,0.0484,0.8945404837788689
187,515.0,0.0289,0.9356210840627026,0.0437,0.9042739083117833,0.0479,0.8955709546432742
188,514.0,0.0287,0.9360520527214578,0.0434,0.9048987743944137,0.0475,0.89639618594995
189,513.0,0.0285,0.9364832198943208,0.0431,0.9055240722683605,0.047,0.8974287945007484
190,512.0,0.0284,0.9366988779521161,0.0429,0.9059411775490596,0.0466,0.8982557377294168
191,511.0,0.0282,0.9371303430676046,0.0427,0.9063584749580749,0.0462,0.8990834429518029
192,510.0,0.0282,0.9371303430676046,0.0425,0.9067759645839049,0.046,0.8994975815300352
193,509.0,0.0281,0.9373461501481734,0.0423,0.9071936465150893,0.0457,0.9001191471031872
194,508.0,0.028,0.9375620069258802,0.0421,0.9076115208402082,0.0453,0.9009485693796428
195,507.0,0.0279,0.9377779134121697,0.042,0.9078205301781858,0.0451,0.9013635670781416
196,506.0,0.0279,0.9377779134121697,0.0419,0.908029587647883,0.0448,0.9019864220737451
197,505.0,0.0279,0.9377779134121697,0.0417,0.9084478470267753,0.0446,0.9024018978311409
198,504.0,0.0278,0.9379938696184887,0.0416,0.908657048958146,0.0443,0.9030254703280061
199,503.0,0.0277,0.9382098755562873,0.0415,0.9088662990655879,0.0441,0.9034414246950017
200,502.0,0.0276,0.9384259312370179,0.0413,0.9092849438530645,0.0439,0.9038575706601759
201,501.0,0.0275,0.9386420366721352,0.0412,0.9094943385552954,0.0437,0.9042739083117833
202,500.0,0.0273,0.9390743968513643,0.041,0.9099132726322515,0.0434,0.9048987743944137
203,499.0,0.0271,0.9395069561856676,0.0407,0.9105420355955274,0.0431,0.9055240722683605
204,498.0,0.027,0.9397233105646379,0.0406,0.9107517197871563,0.0429,0.9059411775490596
205,497.0,0.0268,0.9401561688035698,0.0403,0.9113810621292955,0.0426,0.9065671957383552
206,496.0,0.0265,0.9408058300365891,0.0401,0.911800865274662,0.0423,0.9071936465150893
207,495.0,0.0263,0.9412391869089667,0.0398,0.9124309325911976,0.042,0.9078205301781858
208,494.0,0.026,0.9418895965228413,0.0395,0.9130614352931758,0.0417,0.9084478470267753
209,493.0,0.0257,0.9425404555789744,0.0392,0.9136923736814543,0.0414,0.9090755973601952
210,492.0,0.0253,0.9434089673230406,0.0388,0.9145343031204602,0.041,0.9099132726322515
211,491.0,0.0249,0.9442782793644787,0.0385,0.9151662592812754,0.0407,0.9105420355955274
212,490.0,0.0245,0.9451483924407295,0.038,0.9162204901219998,0.0403,0.9113810621292955
213,489.0,0.0242,0.9458015033710133,0.0377,0.9168536114619232,0.04,0.9120108393559098
214,488.0,0.0236,0.9471090794701604,0.0373,0.9176984538497813,0.0396,0.9128512193311222
215,487.0,0.0233,0.947763545262961,0.0369,0.9185440747246861,0.0392,0.9136923736814543
216,486.0,0.0227,0.9490738338964765,0.0365,0.9193904748039812,0.0388,0.9145343031204602
217,485.0,0.0223,0.9499483658763465,0.036,0.9204495717531713,0.0384,0.9153770083623521
218,484.0,0.0218,0.9510426641573921,0.0356,0.9212977276685556,0.038,0.9162204901219998
219,483.0,0.0213,0.9521382230214032,0.0351,0.9223590216882458,0.0376,0.917064749114932
220,482.0,0.0207,0.9534545596724551,0.0346,0.9234215382714596,0.0371,0.9181211669315344
221,481.0,0.0203,0.9543331283085358,0.0342,0.9242724327301168,0.0368,0.9187556016660626
222,480.0,0.0198,0.9554324776409489,0.0337,0.9253371534777771,0.0363,0.9198139672696255
223,479.0,0.0194,0.9563128688459966,0.0332,0.9264031007363992,0.0359,0.9206615375019707
224,478.0,0.0188,0.9576349769692688,0.0328,0.9272567425805943,0.0355,0.9215098887349575
225,477.0,0.0184,0.9585173976856458,0.0324,0.9281111710201684,0.0351,0.9223590216882458
226,476.0,0.0179,0.9596215671103411,0.032,0.9289663867799364,0.0347,0.923208937082158
227,475.0,0.0174,0.9607270084891201,0.0315,0.9300365147539602,0.0343,0.9240596356376807
228,474.0,0.017,0.9616122783836647,0.0311,0.9308935046377292,0.0339,0.9249111180764645
229,473.0,0.0166,0.9624983640175183,0.0307,0.9317512842019562,0.0336,0.9255502447634356
230,472.0,0.0161,0.9636071193384268,0.0302,0.9328246202539885,0.0331,0.9266164374937444
231,471.0,0.0157,0.964495043135074,0.0298,0.9336841792607656,0.0327,0.9274702759188693
232,470.0,0.0152,0.9656060985415498,0.0294,0.9345445303153403,0.0323,0.9283249011205145
233,469.0,0.0148,0.9664958643142137,0.0289,0.9356210840627026,0.0319,0.9291803138236615
234,468.0,0.0144,0.9673864499689512,0.0286,0.9362676114879117,0.0316,0.929822390585381
235,467.0,0.014,0.9682778562612492,0.0282,0.9371303430676046,0.0312,0.9306791831626534
236,466.0,0.0136,0.9691700839472911,0.0278,0.9379938696184887,0.0309,0.9313222956643226
237,465.0,0.0132,0.9700631337839569,0.0274,0.9388581918730973,0.0305,0.9321804703416081
238,464.0,0.0129,0.9707334611535074,0.0271,0.9395069561856676,0.0302,0.9328246202539885
239,463.0,0.0125,0.9716279515771061,0.0267,0.9403726726864813,0.0299,0.9334692152830849
240,462.0,0.0121,0.9725232662363473,0.0263,0.9412391869089667,0.0295,0.934329368257314
241,461.0,0.0117,0.9734194058907296,0.0259,0.9421064995881913,0.0291,0.9351903138266572
242,460.0,0.0114,0.9740920524918584,0.0256,0.9427575085274156,0.0288,0.93583654358353
243,459.0,0.011,0.974989637717387,0.0253,0.9434089673230406,0.0285,0.9364832198943208
244,458.0,0.0107,0.9756633693709553,0.025,0.9440608762859234,0.0282,0.9371303430676046
245,457.0,0.0104,0.976337566582642,0.0246,0.9449307890342988,0.0279,0.9377779134121697
246,456.0,0.01,0.9772372209558107,0.0243,0.9455837495975457,0.0276,0.9384259312370179
247,455.0,0.0097,0.9779125057212412,0.024,0.9462371613657931,0.0273,0.9390743968513643
248,454.0,0.0093,0.9788136113351815,0.0237,0.94689102465083,0.027,0.9397233105646379
249,453.0,0.009,0.9794899854086989,0.0234,0.9475453397646609,0.0267,0.9403726726864813
250,452.0,0.0087,0.9801668268662841,0.0231,0.9482001070195061,0.0265,0.9408058300365891
251,451.0,0.0084,0.9808441360309061,0.0229,0.948636869866469,0.0263,0.9412391869089667
252,450.0,0.0082,0.9812959354708221,0.0226,0.9492923913840796,0.026,0.9418895965228413
253,449.0,0.008,0.9817479430199844,0.0224,0.9497296573624229,0.0258,0.942323452603068
254,448.0,0.0078,0.9822001587742529,0.0221,0.950385934011676,0.0257,0.9425404555789744
255,447.0,0.0074,0.9831052152817692,0.0219,0.9508237037009847,0.0254,0.9431917643879367
256,446.0,0.0072,0.9835580562269576,0.0217,0.9512616750371129,0.0252,0.9436262202767268
257,445.0,0.007,0.9840111057611337,0.0214,0.9519190103322853,0.025,0.9440608762859234
258,444.0,0.0069,0.9842377087791158,0.0214,0.9519190103322853,0.0249,0.9442782793644787
259,443.0,0.0067,0.9846910713769389,0.0212,0.9523574861919197,0.0246,0.9449307890342988
260,442.0,0.0066,0.9849178309808169,0.0211,0.95257679985546,0.0246,0.9449307890342988
261,441.0,0.0065,0.9851446428040349,0.021,0.9527961640236519,0.0244,0.9453660459579653
262,440.0,0.0063,0.9855984231565955,0.0209,0.9530155787081258,0.0244,0.9453660459579653
263,439.0,0.0062,0.985825391709997,0.0208,0.953235043920515,0.0242,0.9458015033710133
264,438.0,0.0062,0.985825391709997,0.0208,0.953235043920515,0.0241,0.9460193072899131
265,437.0,0.0061,0.9860524125308565,0.0207,0.9534545596724551,0.0241,0.9460193072899131
266,436.0,0.0061,0.9860524125308565,0.0207,0.9534545596724551,0.024,0.9462371613657931
267,435.0,0.0061,0.9860524125308565,0.0207,0.9534545596724551,0.024,0.9462371613657931
268,434.0,0.0062,0.985825391709997,0.0208,0.953235043920515,0.0239,0.9464550656102033
269,433.0,0.0061,0.9860524125308565,0.0207,0.9534545596724551,0.0238,0.946673020034697
270,432.0,0.0062,0.985825391709997,0.0208,0.953235043920515,0.0239,0.9464550656102033
271,431.0,0.0062,0.985825391709997,0.0208,0.953235043920515,0.0239,0.9464550656102033
272,430.0,0.0063,0.9855984231565955,0.0209,0.9530155787081258,0.0238,0.946673020034697
273,429.0,0.0064,0.9853715068586185,0.0211,0.95257679985546,0.0239,0.9464550656102033
274,428.0,0.0065,0.9851446428040349,0.0211,0.95257679985546,0.0239,0.9464550656102033
275,427.0,0.0066,0.9849178309808169,0.0212,0.9523574861919197,0.024,0.9462371613657931
276,426.0,0.0069,0.9842377087791158,0.0214,0.9519190103322853,0.024,0.9462371613657931
277,425.0,0.0069,0.9842377087791158,0.0215,0.9516998481129437,0.0241,0.9460193072899131
278,424.0,0.0072,0.9835580562269576,0.0218,0.9510426641573921,0.0243,0.9455837495975457
279,423.0,0.0073,0.9833316096867433,0.0219,0.9508237037009847,0.0243,0.9455837495975457
280,422.0,0.0076,0.9826525828295318,0.0222,0.9501671247555648,0.0245,0.9451483924407295
281,421.0,0.0079,0.9819740248654875,0.0226,0.9492923913840796,0.0249,0.9442782793644787
282,420.0,0.0082,0.9812959354708221,0.0229,0.948636869866469,0.025,0.9440608762859234
283,419.0,0.0087,0.9801668268662841,0.0233,0.947763545262961,0.0254,0.9431917643879367
284,418.0,0.0091,0.9792644754685726,0.0238,0.946673020034697,0.0257,0.9425404555789744
285,417.0,0.0096,0.978137704322986,0.0243,0.9455837495975457,0.0261,0.9416727433955184
286,416.0,0.0103,0.9765624024994944,0.0249,0.9442782793644787,0.0266,0.9405892264269938
287,415.0,0.011,0.974989637717387,0.0255,0.9429746114598995,0.0271,0.9395069561856676
288,414.0,0.0117,0.9734194058907296,0.0263,0.9412391869089667,0.0277,0.9382098755562873
289,413.0,0.0128,0.9709570065288244,0.0273,0.9390743968513643,0.0285,0.9364832198943208
290,412.0,0.014,0.9682778562612492,0.0284,0.9366988779521161,0.0295,0.934329368257314
291,411.0,0.0152,0.9656060985415498,0.0296,0.9341142557364791,0.0305,0.9321804703416081
292,410.0,0.0166,0.9624983640175183,0.031,0.9311078754678304,0.0317,0.9296083157150377
293,409.0,0.0182,0.9589589129147388,0.0326,0.9276838584306737,0.0331,0.9266164374937444
294,408.0,0.0201,0.9547727161666106,0.0345,0.9236341884196304,0.0347,0.923208937082158
295,407.0,0.0224,0.9497296573624229,0.0367,0.9189671773189251,0.0367,0.9189671773189251
296,406.0,0.0246,0.9449307890342988,0.0388,0.9145343031204602,0.0387,0.9147449066714993
297,405.0,0.0271,0.9395069561856676,0.0412,0.9094943385552954,0.0408,0.9103323996799096
298,404.0,0.0297,0.9338991927414304,0.0437,0.9042739083117833,0.043,0.9057326008982001
299,403.0,0.0324,0.9281111710201684,0.0464,0.8986694950475262,0.0455,0.9005337627506482
300,402.0,0.0351,0.9223590216882458,0.0489,0.8935111986052197,0.0477,0.8959834752883485
301,401.0,0.0381,0.916009546844429,0.0518,0.8875646565663146,0.0502,0.8908405964008205
302,400.0,0.0402,0.9115909395361672,0.054,0.8830799004185628,0.0522,0.8867475556540418
303,399.0,0.0434,0.9048987743944137,0.0562,0.878617805197602,0.0548,0.8814547044472215
304,398.0,0.0461,0.8992904884011862,0.0587,0.8735746039721523,0.0573,0.8763952196298761
305,397.0,0.0489,0.8935111986052197,0.0614,0.8681604556119944,0.0596,0.8717661466018495
306,396.0,0.0522,0.8867475556540418,0.0643,0.862382629151766,0.0624,0.8661637419723038
307,395.0,0.0542,0.8826733207212579,0.0668,0.8574326166361801,0.0651,0.8607955238694605
308,394.0,0.0572,0.8765970403212793,0.0693,0.8525110168263655,0.0677,0.8556575760980932
309,393.0,0.0607,0.8695608932545951,0.0731,0.8450842349196528,0.0711,0.8489849665156198
310,392.0,0.064,0.8629785477669702,0.0762,0.8390734899101362,0.0736,0.8441118555927687
311,391.0,0.0672,0.8566432555816557,0.0792,0.8332973486343167,0.0767,0.838108026727164
312,390.0,0.0695,0.8521185113792299,0.0817,0.8285142834779584,0.0797,0.8323385316531475
313,389.0,0.0724,0.8464474480977,0.084,0.8241381150130023,0.082,0.8279421637123342
314,388.0,0.0743,0.8427524039128372,0.0864,0.8195963204818459,0.0841,0.8239483720449874
315,387.0,0.0765,0.8384940786218072,0.0887,0.8152672562240393,0.0864,0.8195963204818459
316,386.0,0.0784,0.8348337537236503,0.0907,0.8115214434347241,0.0884,0.8158306174490078
317,385.0,0.0799,0.8319553138400206,0.0924,0.8083510373900678,0.0899,0.8130176988564412
318,384.0,0.0824,0.8271799518641342,0.0944,0.8046370017398001,0.0926,0.807978863683088
319,383.0,0.0845,0.8231898369213964,0.0966,0.8005712689353625,0.0944,0.8046370017398001
320,382.0,0.0866,0.8192189693228674,0.0985,0.797076490590297,0.0963,0.8011244750248979
321,381.0,0.088,0.8165823713585925,0.0998,0.794694120636604,0.0983,0.7974436424126814
322,380.0,0.0895,0.8137668607787871,0.1023,0.7901326351541298,0.1006,0.7932315874244961
323,379.0,0.0911,0.810774348666074,0.1034,0.7881338850934161,0.1019,0.7908607094441397
324,378.0,0.0926,0.807978863683088,0.1049,0.7854164626145403,0.1029,0.789041780287168
325,377.0,0.0937,0.8059349691127455,0.1058,0.7837905085356169,0.1041,0.7868645865673947
326,376.0,0.0946,0.8042665380156767,0.1068,0.7819878403894965,0.1051,0.7850548482379968
327,375.0,0.0952,0.8031561699226568,0.1067,0.7821679204756053,0.1051,0.7850548482379968
328,374.0,0.0954,0.8027863879897866,0.1075,0.7807284401379069,0.1057,0.7839710037491973
329,373.0,0.0957,0.8022320342878625,0.1077,0.7803689841784652,0.1059,0.7836100548778109
330,372.0,0.0959,0.8018626778372011,0.108,0.7798301105232587,0.1057,0.7839710037491973
331,371.0,0.0955,0.802601560872627,0.1076,0.7805486914662377,0.1058,0.7837905085356169
332,370.0,0.0954,0.8027863879897866,0.1077,0.7803689841784652,0.1059,0.7836100548778109
333,369.0,0.0952,0.8031561699226568,0.1073,0.7810880616710569,0.1058,0.7837905085356169
334,368.0,0.094,0.8053784411990667,0.1061,0.7832492721912543,0.1048,0.7855973322609896
335,367.0,0.093,0.8072350302488381,0.105,0.7852356346100718,0.1039,0.7872270345511686
336,366.0,0.092,0.8090958991783823,0.1041,0.7868645865673947,0.103,0.7888601176185545
337,365.0,0.09,0.8128305161640993,0.1023,0.7901326351541298,0.1021,0.7904965884764859
338,364.0,0.0882,0.8162064078549343,0.1007,0.7930489601281979,0.1004,0.7935969681957695
339,363.0,0.0864,0.8195963204818459,0.0988,0.7965260797837785,0.0991,0.7959760490562858
340,362.0,0.0845,0.8231898369213964,0.0971,0.7996501075653552,0.0975,0.7989139416674043
341,361.0,0.0822,0.8275609700353538,0.095,0.8035261221856173,0.0962,0.8013089619913122
342,360.0,0.0808,0.8302330159249539,0.0932,0.8068633703638188,0.095,0.8035261221856173
343,359.0,0.078,0.835603018231248,0.0906,0.8117083246672252,0.0928,0.8076068613289757
344,358.0,0.0759,0.8396533015798746,0.0887,0.8152672562240393,0.0915,0.8100279416803505
345,357.0,0.0738,0.8437232172118299,0.0861,0.8201626731515519,0.0898,0.8132049246541532
346,356.0,0.0715,0.8482033824524042,0.0842,0.8237586727618759,0.0887,0.8152672562240393
347,355.0,0.0692,0.8527073373436287,0.0818,0.8283235329759174,0.0867,0.8190303588996121
348,354.0,0.0664,0.8582227050540151,0.0793,0.8331054969176098,0.085,0.8222426499470711
349,353.0,0.0639,0.8631772787998141,0.077,0.8375292821268826,0.0833,0.8254675398117309
350,352.0,0.0613,0.8683603799605942,0.0741,0.8431405951147711,0.0815,0.8288959162731061
351,351.0,0.0588,0.8733734791423201,0.0718,0.8476176666354924,0.08,0.831763771102671
352,350.0,0.056,0.8790225168308843,0.0691,0.8529037030705663,0.0785,0.8346415482773241
353,349.0,0.0536,0.8838936217394064,0.0667,0.857630070524158,0.0771,0.837336456083656
354,348.0,0.0507,0.88981556842882,0.064,0.8629785477669702,0.0761,0.8392667159662336
355,347.0,0.0481,0.8951586239272413,0.0616,0.8677607449911464,0.0746,0.8421704521982792
356,346.0,0.0455,0.9005337627506482,0.059,0.8729713683881116,0.0735,0.8443062419090123
357,345.0,0.0432,0.9053155916484847,0.0565,0.8780110870965298,0.0729,0.8454735002167504
358,344.0,0.0408,0.9103323996799096,0.0539,0.8832832604918206,0.0721,0.8470323552770223
359,343.0,0.0383,0.9155878059757853,0.052,0.8871560120379609,0.0715,0.8482033824524042
360,342.0,0.036,0.9204495717531713,0.0493,0.8926886232467881,0.0713,0.848594084500823
361,341.0,0.0343,0.9240596356376807,0.0477,0.8959834752883485,0.0717,0.847812860287505
362,340.0,0.0324,0.9281111710201684,0.0461,0.8992904884011862,0.0721,0.8470323552770223
363,339.0,0.0308,0.9315367652385742,0.0444,0.9028175649662569,0.0731,0.8450842349196528
364,338.0,0.03,0.933254300796991,0.0436,0.9044821490475902,0.0745,0.8423643914384017
365,337.0,0.029,0.9354056741475519,0.0425,0.9067759645839049,0.0763,0.8388803083408604
366,336.0,0.0281,0.9373461501481734,0.0417,0.9084478470267753,0.0787,0.8342572701300174
367,335.0,0.0273,0.9390743968513643,0.0407,0.9105420355955274,0.0811,0.8296597093109863
368,334.0,0.0261,0.9416727433955184,0.0394,0.9132716996648166,0.0835,0.8250874854788075
369,333.0,0.0246,0.9449307890342988,0.0377,0.9168536114619232,0.086,0.8203515443298183
370,332.0,0.0228,0.9488553267278013,0.0357,0.9210856154484207,0.0887,0.8152672562240393
371,331.0,0.0199,0.9552125065089954,0.0332,0.9264031007363992,0.0913,0.8104010592399339
372,330.0,0.0161,0.9636071193384268,0.0298,0.9336841792607656,0.0935,0.8063062013547276
373,329.0,0.0115,0.9738677853286334,0.0251,0.943843523260514,0.0954,0.8027863879897866
374,328.0,0.0053,0.987870462171174,0.0193,0.9565330933749138,0.0969,0.800018444855099
375,327.0,-0.0015,1.0034598491478393,0.0124,0.971851702940169,0.0983,0.7974436424126814
376,326.0,-0.0096,1.0223509385032303,0.0047,0.9892361988514231,0.0994,0.7954263981453601
377,325.0,-0.019,1.0447202192208,-0.0045,1.0104155005282134,0.0998,0.794694120636604
378,324.0,-0.0292,1.0695473105661604,-0.0141,1.0329992352432302,0.1007,0.7930489601281979
379,323.0,-0.0406,1.0979940836496045,-0.0253,1.0599856845091675,0.1014,0.791771745818304
380,322.0,-0.0528,1.1292757442094161,-0.0373,1.0896825594561705,0.1021,0.7904965884764859
381,321.0,-0.0658,1.163590052984759,-0.05,1.1220184543019633,0.1031,0.7886784967745006
382,320.0,-0.0798,1.2017108988505187,-0.0639,1.1585105685247277,0.1045,0.7861401911481284
383,319.0,-0.095,1.244514611771385,-0.0787,1.1986710045021867,0.1056,0.7841515405281217
384,318.0,-0.1108,1.2906247820605377,-0.0944,1.242796438440915,0.1071,0.7814478488541828
385,317.0,-0.1278,1.3421467373834877,-0.1115,1.2927067008067636,0.1086,0.778753479292476
386,316.0,-0.1462,1.4002320047858499,-0.1299,1.348652308166782,0.1105,0.7753539433595976
387,315.0,-0.1664,1.4668982822062864,-0.1496,1.4112371484118509,0.1133,0.7703711316976093
388,314.0,-0.1882,1.5424105957495964,-0.1714,1.4838841637690179,0.116,0.7655966069112563
389,313.0,-0.2115,1.6274213156422341,-0.195,1.566751070108149,0.119,0.7603262769401818
390,312.0,-0.2356,1.7202834055304344,-0.2192,1.6565326493180181,0.123,0.7533555637337174
391,311.0,-0.2604,1.8213776371047796,-0.2443,1.755092458117967,0.1284,0.7440463661919197
392,310.0,-0.2863,1.9333033344966102,-0.2706,1.8646614829984904,0.1353,0.732318490686162
393,309.0,-0.3131,2.0563640367928513,-0.2972,1.982439762872641,0.1431,0.7192833378252694
394,308.0,-0.3411,2.1933099054806506,-0.326,2.118361135248502,0.1528,0.7033961712162473
395,307.0,-0.37,2.344228815319922,-0.3554,2.266731082930537,0.1654,0.6832820313691989
396,306.0,-0.4007,2.515938378692712,-0.3867,2.4361274198059824,0.179,0.662216503701762
397,305.0,-0.4335,2.713313652150698,-0.4204,2.6326916742184916,0.1955,0.6375290810349068
398,304.0,-0.4681,2.9383261486728087,-0.4558,2.856274877264105,0.2129,0.6124914068474838
399,303.0,-0.5056,3.2033176008528135,-0.4936,3.116018303105462,0.232,0.5861381645140287
400,302.0,-0.5463,3.5180337377370257,-0.5357,3.4332070842609546,0.252,0.5597576014951101
401,301.0,-0.5916,3.904810837492536,-0.5812,3.8124135110429918,0.2742,0.53186327077268
402,300.0,-0.6416,4.38126982022493,-0.6323,4.288446534968205,0.2972,0.5044289459524142
403,299.0,-0.6993,5.003800659252664,-0.6906,4.9045594144511035,0.3208,0.4777492346590943
404,298.0,-0.7642,5.810319310119071,-0.756,5.701642722807475,0.3443,0.45258483736865984
405,297.0,-0.8394,6.908758310497998,-0.8305,6.768617929197463,0.3682,0.42835121194593806
406,296.0,-0.9226,8.3675824428145,-0.9162,8.245177320439844,0.3858,0.41133910615245484
407,295.0,-1.0167,10.392020624802013,-1.0112,10.261243651933423,0.4006,0.397557544927053
408,294.0,-1.122,13.24341535194665,-1.1191,13.155277087701089,0.4124,0.38690113165510864
409,293.0,-1.2478,17.69293980687279,-1.2399,17.374007313857675,0.4279,0.3733361117160814
410,292.0,-1.3994,25.084185282523844,-1.386,24.322040090738145,0.4143,0.3852121705981027
411,291.0,-1.5495,35.44051302809929,-1.5337,34.17432930562995,0.4248,0.37601052366849586
412,290.0,-1.7218,52.69871189967232,-1.711,51.40436515824262,0.3972,0.40068215418221115
413,289.0,-1.917,82.60379495771788,-1.8967,78.83153805215576,0.3586,0.437925263541926
414,288.0,-2.0866,122.06748591607422,-2.055,113.50108156723155,0.3472,0.44957277130190554
415,287.0,-2.2458,176.11648132635656,-2.1809,151.67010939163387,0.3159,0.48317004324605994
416,286.0,-2.457,286.41779699065796,-2.3853,242.82869170389577,0.1736,0.6705018801628415
417,285.0,-2.6587,455.72200558864705,-2.5623,365.0059970708618,0.2059,0.6224435916032889
418,284.0,-2.7683,586.5431942902652,-2.7193,523.9622519059376,0.0319,0.9291803138236615
419,283.0,-2.8152,653.4313996495986,-2.7184,522.8775553134413,0.0941,0.8051930173083078
420,282.0,-2.7823,605.7591738749951,-2.8224,664.3546819760057,0.1314,0.7389243870344743
421,281.0,-2.8531,713.0171895014072,-2.7244,530.1515066784589,0.1727,0.6718928197763021
422,280.0,-2.9936,985.3715068586181,-2.8575,720.2777512383407,0.0464,0.8986694950475262
423,279.0,-3.183,1524.0527537972907,-3.0638,1158.2438423173796,-0.1373,1.3718290648882814
424,278.0,-2.9684,929.8223905853808,-2.9839,963.6071193384273,0.1865,0.6508786108404094
425,277.0,-3.0827,1209.7621707502701,-2.9482,887.5646565663145,0.0091,0.9792644754685726
426,276.0,-3.0737,1184.9499309761784,-3.0271,1064.3880744214282,-0.0923,1.236801490632244
427,275.0,-3.176,1499.684835502374,-3.0323,1077.2090663440915,-0.0038,1.0087882149492693
428,274.0,-2.9531,897.6354589093789,-2.8383,689.1281648380537,0.0407,0.9105420355955274
429,273.0,-2.9548,901.1560443397047,-3.028,1066.596121230258,0.2215,0.6004820089075462
430,272.0,-3.2325,1708.047720059708,-3.2266,1685.0003677818315,-0.1729,1.4890181791285262
431,271.0,-3.2167,1647.0242744164195,-3.2488,1773.3726245425585,-0.0529,1.1295357994976882
432,270.0,-3.151,1415.793779957081,-3.2117,1628.1709434494512,0.1805,0.6599332342635644
433,269.0,-3.1134,1298.3745676148221,-2.9888,974.5407417663063,0.1964,0.6362092805735181
434,268.0,-3.147,1402.8137045619576,-3.1076,1281.1500562783979,0.1357,0.7316443109490725
435,267.0,-3.4182,2619.38900372149,-3.3281,2128.6291245272346,-0.0536,1.1313578641195632
436,266.0,-3.3725,2357.7621959612547,-3.283,1918.668740670289,0.0499,0.8914561798745937
437,265.0,-3.4542,2845.7713318638043,-3.3412,2193.81499189791,-0.0246,1.0582785655888944
438,264.0,-3.3327,2151.295159289197,-3.143,1389.9526312133526,0.0523,0.8865433979891739
439,263.0,-3.4002,2513.043464356287,-3.3197,2087.8533945771396,0.0353,0.9219343574515594
440,262.0,-3.2832,1919.5525237613792,-3.2668,1848.417195369656,0.0014,0.9967815711512952
441,261.0,-3.4056,2544.4856151466365,-3.2873,1937.7600589594226,0.0155,0.9649393118055821
442,260.0,-3.4366,2732.750610522085,-3.3632,2307.809729698403,0.0247,0.944713235727136
443,259.0,-3.4206,2633.9043527473104,-3.43,2691.5348039269165,-0.0027,1.006236345280598
444,258.0,-3.3354,2164.7113787030034,-3.293,1963.3602768360474,0.1259,0.74834179274016
445,257.0,-3.3968,2493.44618809783,-3.3652,2318.462095413132,-0.1415,1.3851601859244618
446,256.0,-3.3785,2390.5619353446305,-3.3101,2042.2081263346354,0.1537,0.7019400139695798
447,255.0,-3.524,3341.950400261143,-3.4531,2838.5725586841204,0.0449,0.9017787559341555
448,254.0,-3.3287,2131.5719667169114,-3.4127,2586.4256583780043,0.1096,0.7769623959921387
449,253.0,-3.4197,2628.451694533876,-3.4244,2657.05167035507,-0.0198,1.0466464385521963
450,252.0,-3.5477,3529.3928374635293,-3.5417,3480.96775232401,-0.1546,1.4275785044217555
451,251.0,-3.3966,2492.298178052621,-3.4964,3136.172916512987,0.0776,0.8363729915840259
452,250.0,-3.5446,3504.2896826443844,-3.5212,3320.4733579750687,-0.1492,1.4099379493587232
453,249.0,-3.609,4064.4332916521275,-3.5334,3415.0730666882723,-0.1469,1.4024907319545434
454,248.0,-3.5903,3893.1398070156406,-3.5921,3909.309005962286,-0.2168,1.6474035594357528
455,247.0,-3.3494,2235.630366537008,-3.3459,2217.685719998006,-0.0332,1.0794437099844534
456,246.0,-3.406,2546.8302525850418,-3.4286,2682.8722906666635,0.0186,0.9580760857350198
457,245.0,-3.3753,2373.0123584905054,-3.383,2415.4608344449402,0.1651,0.6837541889337917
458,244.0,-3.3874,2440.057159428208,-3.3744,2368.099793873793,0.0192,0.9567533686182412
459,243.0,-3.5781,3785.297343755959,-3.4953,3128.2395322577386,0.0253,0.9434089673230406
460,242.0,-3.3907,2458.668629289733,-3.3097,2040.3280490797183,0.1481,0.7110497695423426
461,241.0,-3.4863,3064.079293806048,-3.4574,2866.8171905248937,-0.0291,1.0693010665477825
462,240.0,-3.4487,2809.9591088425027,-3.3488,2232.543861616744,0.1404,0.723769037074529
463,239.0,-3.7226,5279.587597837324,-3.5794,3796.6450792221963,-0.0997,1.2580560772203435
464,238.0,-3.5019,3176.1426525728807,-3.5746,3754.9140460984254,-0.0291,1.0693010665477825
465,237.0,-3.4902,3091.7188938917006,-3.424,2654.605561975539,0.0177,0.9600635909453472
466,236.0,-3.8141,6517.7845431913875,-3.6032,4010.513660865759,-0.2103,1.6229307911144304
467,235.0,-3.4939,3118.1715159014625,-3.4577,2868.798201821356,0.2206,0.6017276940250242
468,234.0,-3.5515,3560.4099003595707,-3.491,3097.419299216581,0.0132,0.9700631337839569
469,233.0,-3.4892,3084.6081377571413,-3.5448,3505.9038393261267,-0.0195,1.0459236904631684
470,232.0,-3.5287,3378.313899290581,-3.6254,4220.8507917988445,0.0674,0.8562488476063552
471,231.0,-3.5121,3251.621601204828,-3.3342,2158.7383160128147,0.2344,0.5829079788672336
472,230.0,-3.6522,4489.520924135662,-3.6007,3987.4936090417286,-0.0817,1.2069797949676553
473,229.0,-3.5561,3598.321800388802,-3.5374,3446.6723487178924,0.0611,0.8687603667871445
474,228.0,-3.5485,3535.90021100387,-3.5428,3489.7956743787454,0.1571,0.6964661283938878
475,227.0,-3.5335,3415.8595068605546,-3.5907,3896.7271730789967,0.0849,0.8224320001128372
476,226.0,-3.5702,3717.0636679606755,-3.4494,2814.4918798121453,-0.0194,1.0456828853581377
477,225.0,-3.6575,4544.645372095089,-3.6543,4511.282252715862,-0.0597,1.1473607789425289
478,224.0,-3.5139,3265.126412019571,-3.4748,2984.0081159302204,0.0312,0.9306791831626534
479,223.0,-3.5618,3645.8601019727603,-3.3942,2478.5632153941956,0.1164,0.7648917910070717
480,222.0,-3.7133,5167.732202999587,-3.6077,4052.2851680189106,-0.102,1.2647363474711513
481,221.0,-3.6744,4724.980276801948,-3.5557,3595.0091493002346,-0.116,1.3061708881318415
482,220.0,-3.5216,3323.533035774775,-3.465,2917.427014001166,0.0288,0.93583654358353
483,219.0,-3.6037,4015.1335942882924,-3.6146,4117.1813799387055,-0.1945,1.5649483192248699
484,218.0,-3.6556,4524.806378555487,-3.6211,4179.265867213064,-0.0905,1.2316859857363551
485,217.0,-3.5042,3193.007951074664,-3.4316,2701.4690729572467,-0.0105,1.0244717803103813
486,216.0,-3.3964,2491.150696563862,-3.2452,1758.733354135573,0.0977,0.7985461129030742
487,215.0,-3.3503,2240.2681265938704,-3.2962,1977.8802779424002,0.1294,0.7423351070366171
488,214.0,-3.4613,2892.6773831200917,-3.4931,3112.4329187675094,-0.0693,1.1730053691536917
489,213.0,-3.3276,2126.179859862522,-3.3914,2462.634730344995,0.0737,0.8439175140304758
490,212.0,-3.4125,2585.234839562191,-3.3035,2011.4071982009084,0.1085,0.7789328145536721
491,211.0,-3.3653,2318.996002505054,-3.2989,1990.2150222793362,0.0566,0.8778089408463069
492,210.0,-3.6079,4054.1517440650287,-3.5739,3748.8667146053936,-0.1777,1.5055666982669806
493,209.0,-3.3671,2328.6273822087624,-3.2495,1776.2332682884376,0.1082,0.7794710681646506
494,208.0,-3.345,2213.094709605639,-3.2622,1828.9422812817625,0.1086,0.778753479292476
495,207.0,-3.326,2118.3611352485023,-3.2551,1799.2851681549398,0.0392,0.9136923736814543
496,206.0,-3.1482,1406.6951820610384,-3.2245,1676.8723357485921,-0.037,1.0889300933334334
497,205.0,-3.1137,1299.2717628367516,-2.9394,869.7611401030066,0.1579,0.6951843712782464
498,204.0,-3.2899,1949.3956831325586,-3.2186,1654.2456450577304,-0.2558,1.8021876116640496
499,203.0,-3.1442,1393.7985231128246,-3.1143,1301.0680136328508,0.0098,0.9776873589674213
500,202.0,-3.1584,1440.1243711755699,-3.0299,1071.2726072029477,0.0419,0.908029587647883
501,201.0,-3.2327,1708.8344862490794,-3.1378,1373.4093509770003,-0.1979,1.577248053098595
502,200.0,-3.152,1419.0575216890927,-3.0102,1023.764344643275,-0.1689,1.475366778406605
